feature,pearson,pearson p-value,pearson CI95%,spearman,spearman p-value,spearman CI95%,n
C3_delta_relative_power,-0.08413230544741288,0.45810196154182237,[-0.3   0.14],-0.05056408203271137,0.6560118361773148,[-0.27  0.17],82.0
C3_delta_spectral_entropy,-0.16437796028931942,0.1451072598761669,[-0.37  0.06],-0.16049879939340705,0.15497117961121387,[-0.37  0.06],82.0
C3_delta_spectral_flatness,-0.16151050174129672,0.15235177202854477,[-0.37  0.06],-0.15172373856045598,0.17911249061460457,[-0.36  0.07],82.0
C3_delta_spectral_edge_frequency,,,,,,,82.0
C3_delta_spectral_diff,-0.18086207859176956,0.10838592644674086,[-0.39  0.04],-0.10214750448196068,0.3672602586548972,[-0.31  0.12],82.0
C3_theta_relative_power,-0.14935068864580936,0.18608869261186098,[-0.36  0.07],-0.17998124907016724,0.11014522406975115,[-0.38  0.04],82.0
C3_theta_spectral_entropy,-0.20600916613286915,0.06675489641499137,[-0.41  0.01],-0.17477285667881287,0.12100387584666311,[-0.38  0.05],82.0
C3_theta_spectral_flatness,-0.20422290538516988,0.06920502815505383,[-0.41  0.02],-0.17072086651206092,0.13000540354412743,[-0.38  0.05],82.0
C3_theta_spectral_edge_frequency,,,,,,,82.0
C3_theta_spectral_diff,-0.23886700668836247,0.03285426857967582,[-0.44 -0.02],-0.19867875787857603,0.07727394574116539,[-0.4   0.02],82.0
C3_lowalpha_relative_power,0.12069268279745377,0.28623272797719884,[-0.1   0.33],0.07940858360232304,0.4838146006160188,[-0.14  0.29],82.0
C3_lowalpha_spectral_entropy,0.11288089503573638,0.3187945848459029,[-0.11  0.32],0.20900612843625974,0.06280181605916592,[-0.01  0.41],82.0
C3_lowalpha_spectral_flatness,0.11255061395742819,0.3202217209708413,[-0.11  0.32],0.20952564251194866,0.06213626679555257,[-0.01  0.41],82.0
C3_lowalpha_spectral_edge_frequency,,,,,,,82.0
C3_lowalpha_spectral_diff,-0.116298737301653,0.30426639956128276,[-0.33  0.11],-0.1402238650173099,0.2147531312628327,[-0.35  0.08],82.0
C3_highalpha_relative_power,0.05462415016222652,0.6303435259203145,[-0.17  0.27],0.09019551644633655,0.4262296524805539,[-0.13  0.3 ],82.0
C3_highalpha_spectral_entropy,-0.024457560981011813,0.8294988291433332,[-0.24  0.2 ],0.03950553180441486,0.7278980807891788,[-0.18  0.26],82.0
C3_highalpha_spectral_flatness,-0.024048834695604836,0.8323063142214773,[-0.24  0.2 ],0.0360756131471606,0.7507161693522665,[-0.19  0.25],82.0
C3_highalpha_spectral_edge_frequency,,,,,,,82.0
C3_highalpha_spectral_diff,0.2400309370367804,0.031987115646930325,[0.02 0.44],0.21294487543302862,0.057897366537641874,[-0.01  0.41],82.0
C3_beta_relative_power,-0.04183977626957631,0.7125019379748048,[-0.26  0.18],-0.012536856890316658,0.9121139127143785,[-0.23  0.21],82.0
C3_beta_spectral_entropy,0.11009004144811864,0.3309824617154513,[-0.11  0.32],0.15673047849974506,0.1650231715280108,[-0.07  0.36],82.0
C3_beta_spectral_flatness,0.10064017941989521,0.3744094830412863,[-0.12  0.31],0.14417775619360015,0.2019740585188708,[-0.08  0.35],82.0
C3_beta_spectral_edge_frequency,,,,,,,82.0
C3_beta_spectral_diff,0.19263996572624123,0.08690006405360404,[-0.03  0.4 ],0.19069192714143263,0.09020017252094543,[-0.03  0.39],82.0
C3_lowgamma_relative_power,-0.012391200166726807,0.9131310086910904,[-0.23  0.21],-0.02388101541954215,0.8334596517975701,[-0.24  0.2 ],82.0
C3_lowgamma_spectral_entropy,-0.30441980049079487,0.006042871303771819,[-0.49 -0.09],-0.3456300427787246,0.0016887121520428494,[-0.53 -0.14],82.0
C3_lowgamma_spectral_flatness,-0.3003156487590173,0.006797390641954829,[-0.49 -0.09],-0.3482505093733179,0.0015479392258111152,[-0.53 -0.14],82.0
C3_lowgamma_spectral_edge_frequency,,,,,,,82.0
C3_lowgamma_spectral_diff,-0.08564682596955196,0.45002007729454785,[-0.3   0.14],-0.04919079112604368,0.6647868689496379,[-0.27  0.17],82.0
C4_delta_relative_power,0.04117788675416876,0.7168562662176464,[-0.18  0.26],2.3046246641015292e-05,0.9998381190911712,[-0.22  0.22],82.0
C4_delta_spectral_entropy,-0.09213608983618142,0.41630331633948614,[-0.31  0.13],-0.13533690656989475,0.23132416074619228,[-0.34  0.09],82.0
C4_delta_spectral_flatness,-0.09530267692285715,0.40039629389361064,[-0.31  0.13],-0.1402118419248258,0.21479284214030128,[-0.35  0.08],82.0
C4_delta_spectral_edge_frequency,,,,,,,82.0
C4_delta_spectral_diff,-0.3517775399886319,0.0013751993183925319,[-0.53 -0.14],-0.33239939705093263,0.002591622843715232,[-0.51 -0.12],82.0
C4_theta_relative_power,-0.115205125747788,0.30886733015535933,[-0.33  0.11],-0.11076316081011402,0.32801619663555803,[-0.32  0.11],82.0
C4_theta_spectral_entropy,-0.3077464889858302,0.005486591672856659,[-0.49 -0.09],-0.12764415155655898,0.2591770745687593,[-0.34  0.09],82.0
C4_theta_spectral_flatness,-0.3079568176857569,0.005452995798988703,[-0.49 -0.09],-0.12756436579652444,0.25947739861247693,[-0.34  0.09],82.0
C4_theta_spectral_edge_frequency,,,,,,,82.0
C4_theta_spectral_diff,-0.07559906972323768,0.5050971124260453,[-0.29  0.15],-0.0789065345403499,0.48659180867803264,[-0.29  0.14],82.0
C4_lowalpha_relative_power,0.109410728589256,0.3339932135670113,[-0.11  0.32],0.05188068895041417,0.6476424660503406,[-0.17  0.27],82.0
C4_lowalpha_spectral_entropy,0.14277416531117865,0.20644674160370585,[-0.08  0.35],0.18654399638933422,0.09755616261477107,[-0.03  0.39],82.0
C4_lowalpha_spectral_flatness,0.146813978405311,0.19376155277093562,[-0.08  0.36],0.1961419921170514,0.08120839032271618,[-0.02  0.4 ],82.0
C4_lowalpha_spectral_edge_frequency,,,,,,,82.0
C4_lowalpha_spectral_diff,-0.2111279754242222,0.06011948486596917,[-0.41  0.01],-0.21562562761316886,0.054741399928517474,[-0.42  0.  ],82.0
C4_highalpha_relative_power,0.09455534000868933,0.4041177996422868,[-0.13  0.31],0.08604194030877163,0.4479247516354167,[-0.14  0.3 ],82.0
C4_highalpha_spectral_entropy,-0.3354049455281841,0.0023551447530641098,[-0.52 -0.12],-0.1319457595927871,0.2433339856670007,[-0.34  0.09],82.0
C4_highalpha_spectral_flatness,-0.3319182528932478,0.0026313953614939636,[-0.51 -0.12],-0.13368275242856165,0.23712977413141656,[-0.34  0.09],82.0
C4_highalpha_spectral_edge_frequency,,,,,,,82.0
C4_highalpha_spectral_diff,0.27733417306905256,0.012753655397420734,[0.06 0.47],0.20593228460791183,0.06685888892989025,[-0.01  0.41],82.0
C4_beta_relative_power,0.12513681426087772,0.2687281101119007,[-0.1   0.34],0.11542732854652739,0.3079288694673392,[-0.11  0.33],82.0
C4_beta_spectral_entropy,-0.0455109675540977,0.6885204584490802,[-0.26  0.18],0.023935062224580344,0.8330881767674193,[-0.2   0.24],82.0
C4_beta_spectral_flatness,-0.05769924900747498,0.6111873445269145,[-0.27  0.16],0.021262847783204083,0.8514970302595336,[-0.2   0.24],82.0
C4_beta_spectral_edge_frequency,,,,,,,82.0
C4_beta_spectral_diff,0.1252267616971942,0.2683814342581354,[-0.1   0.34],0.11924098965439649,0.292110735683579,[-0.1   0.33],82.0
C4_lowgamma_relative_power,0.10466673970590194,0.35549929377958656,[-0.12  0.32],0.08392473565397597,0.4592157959491854,[-0.14  0.3 ],82.0
C4_lowgamma_spectral_entropy,-0.2228955124752793,0.04688484215417733,[-0.42 -0.  ],-0.005839040447136331,0.9590032537217603,[-0.23  0.21],82.0
C4_lowgamma_spectral_flatness,-0.23034447051623957,0.039824171933047686,[-0.43 -0.01],0.0003672925213136583,0.9974200768184744,[-0.22  0.22],82.0
C4_lowgamma_spectral_edge_frequency,,,,,,,82.0
C4_lowgamma_spectral_diff,-0.06037221414137556,0.5947449999951777,[-0.28  0.16],-0.10288282027689728,0.3638031468497539,[-0.32  0.12],82.0
Cz_delta_relative_power,-0.048177019120071315,0.6712937601808164,[-0.27  0.17],-0.10094083043083812,0.37297680267445243,[-0.31  0.12],82.0
Cz_delta_spectral_entropy,-0.009462356348867284,0.9336100415591202,[-0.23  0.21],-0.09689105308262765,0.3925540710536458,[-0.31  0.13],82.0
Cz_delta_spectral_flatness,-0.010760516915372961,0.9245269403706542,[-0.23  0.21],-0.09521666887715512,0.40082355588025154,[-0.31  0.13],82.0
Cz_delta_spectral_edge_frequency,,,,,,,82.0
Cz_delta_spectral_diff,-0.04432694672573671,0.6962227649221591,[-0.26  0.18],-0.005626713277413462,0.9604928155675945,[-0.23  0.21],82.0
Cz_theta_relative_power,-0.016692788248102,0.8831594792361295,[-0.24  0.2 ],0.027373499643791148,0.8095335591597009,[-0.19  0.25],82.0
Cz_theta_spectral_entropy,-0.06416361229748652,0.5717693069284183,[-0.28  0.16],0.08883165431085702,0.4332862837720244,[-0.13  0.3 ],82.0
Cz_theta_spectral_flatness,-0.06757951438893743,0.5514304875910989,[-0.28  0.15],0.09210311293039658,0.4164708728525275,[-0.13  0.31],82.0
Cz_theta_spectral_edge_frequency,,,,,,,82.0
Cz_theta_spectral_diff,-0.090447691261274,0.42493213852098866,[-0.3   0.13],-0.12994688443398025,0.2506109344561055,[-0.34  0.09],82.0
Cz_lowalpha_relative_power,0.10049405424898017,0.3751070110093978,[-0.12  0.31],0.06857002151450589,0.5455987800779938,[-0.15  0.28],82.0
Cz_lowalpha_spectral_entropy,0.06418248052223641,0.5716560087211788,[-0.16  0.28],0.012772552566631519,0.9104683898787729,[-0.21  0.23],82.0
Cz_lowalpha_spectral_flatness,0.06756201844146403,0.5515337660973649,[-0.15  0.28],0.012288063091470904,0.91385128172239,[-0.21  0.23],82.0
Cz_lowalpha_spectral_edge_frequency,,,,,,,82.0
Cz_lowalpha_spectral_diff,-0.21806650926865154,0.05199154090687512,[-0.42  0.  ],-0.1645759506364004,0.14461676543619784,[-0.37  0.06],82.0
Cz_highalpha_relative_power,0.15744967985614172,0.1630684571385214,[-0.06  0.36],0.1668409243544582,0.1390939240208181,[-0.05  0.37],82.0
Cz_highalpha_spectral_entropy,-0.06658939141885643,0.557289795806714,[-0.28  0.16],0.08955602078910291,0.4295301881214628,[-0.13  0.3 ],82.0
Cz_highalpha_spectral_flatness,-0.06708694950031945,0.5543416535339751,[-0.28  0.15],0.09353622169064198,0.409225271190484,[-0.13  0.31],82.0
Cz_highalpha_spectral_edge_frequency,,,,,,,82.0
Cz_highalpha_spectral_diff,-0.04583463774931984,0.6864203760884323,[-0.26  0.18],-0.12420462269806146,0.27233872284450306,[-0.33  0.1 ],82.0
Cz_beta_relative_power,0.02033581097731403,0.8579024890199293,[-0.2   0.24],-0.007790426556883243,0.9453207055472954,[-0.23  0.21],82.0
Cz_beta_spectral_entropy,0.08289088170820481,0.46478563004620954,[-0.14  0.3 ],0.18580691849288908,0.09891116275287706,[-0.04  0.39],82.0
Cz_beta_spectral_flatness,0.07986595442412993,0.4812919004697539,[-0.14  0.29],0.1859193851622912,0.09870346358122503,[-0.04  0.39],82.0
Cz_beta_spectral_edge_frequency,,,,,,,82.0
Cz_beta_spectral_diff,0.17520662939193055,0.12006931386761027,[-0.05  0.38],0.18271262573704125,0.10476088456665159,[-0.04  0.39],82.0
Cz_lowgamma_relative_power,-0.013495581271952637,0.9054229021511866,[-0.23  0.21],-0.06517594198108904,0.5657054019888152,[-0.28  0.16],82.0
Cz_lowgamma_spectral_entropy,-0.1445627546956737,0.20075941982553905,[-0.35  0.08],0.007668059928040817,0.9461782812278425,[-0.21  0.23],82.0
Cz_lowgamma_spectral_flatness,-0.14278713329866405,0.20640509763732265,[-0.35  0.08],0.015986985744442916,0.8880671017228516,[-0.2   0.23],82.0
Cz_lowgamma_spectral_edge_frequency,,,,,,,82.0
Cz_lowgamma_spectral_diff,-0.24892003458551445,0.02597804386314938,[-0.44 -0.03],-0.22067733963934338,0.04917669457262674,[-0.42 -0.  ],82.0
F3_delta_relative_power,-0.03184356886214757,0.7791660030689724,[-0.25  0.19],0.03115601780545949,0.7838166843469435,[-0.19  0.25],82.0
F3_delta_spectral_entropy,-0.06311941011583153,0.5780556970918871,[-0.28  0.16],-0.07204901618906889,0.5253567548623438,[-0.29  0.15],82.0
F3_delta_spectral_flatness,-0.06018333640117834,0.5959003248439109,[-0.28  0.16],-0.06900917222242775,0.543022872641352,[-0.28  0.15],82.0
F3_delta_spectral_edge_frequency,,,,,,,82.0
F3_delta_spectral_diff,-0.08989181774765465,0.42779527598976796,[-0.3   0.13],-0.028425932586279484,0.8023566501644485,[-0.25  0.19],82.0
F3_theta_relative_power,-0.13174391241415326,0.24406213340349248,[-0.34  0.09],-0.08060508595623579,0.4772299924655864,[-0.3   0.14],82.0
F3_theta_spectral_entropy,-0.37733518910795827,0.0005598511940884559,[-0.55 -0.17],-0.18648857769047397,0.0976575325762611,[-0.39  0.03],82.0
F3_theta_spectral_flatness,-0.3777612286077077,0.0005511790870637291,[-0.55 -0.17],-0.1849119061518953,0.1005762538146307,[-0.39  0.04],82.0
F3_theta_spectral_edge_frequency,,,,,,,82.0
F3_theta_spectral_diff,-0.10368925780894991,0.3600346857801978,[-0.32  0.12],-0.08448192213621625,0.4562292576827227,[-0.3   0.14],82.0
F3_lowalpha_relative_power,0.14572708224042744,0.19711789100601781,[-0.08  0.35],0.12309231731985695,0.27668937796525245,[-0.1   0.33],82.0
F3_lowalpha_spectral_entropy,0.10648299491435598,0.34716644882379166,[-0.12  0.32],0.1839559755598073,0.1023787875964303,[-0.04  0.39],82.0
F3_lowalpha_spectral_flatness,0.10314169346628656,0.3625908117573564,[-0.12  0.32],0.18255747206458345,0.10506114236977857,[-0.04  0.39],82.0
F3_lowalpha_spectral_edge_frequency,,,,,,,82.0
F3_lowalpha_spectral_diff,-0.1777086874393107,0.11478644348912484,[-0.38  0.04],-0.16775911257692883,0.13690097618984973,[-0.37  0.05],82.0
F3_highalpha_relative_power,0.02769060441670554,0.8073694274496497,[-0.19  0.25],0.05853933634294188,0.60599839507793,[-0.16  0.27],82.0
F3_highalpha_spectral_entropy,-0.11180497476929536,0.3234586455553601,[-0.32  0.11],0.039107308646615074,0.730535655024903,[-0.18  0.26],82.0
F3_highalpha_spectral_flatness,-0.11477157152322923,0.31070375396386507,[-0.33  0.11],0.04099073367291288,0.7180891233755426,[-0.18  0.26],82.0
F3_highalpha_spectral_edge_frequency,,,,,,,82.0
F3_highalpha_spectral_diff,0.09721273033684356,0.39097706144143785,[-0.13  0.31],0.050019907073963726,0.6594835147488334,[-0.17  0.27],82.0
F3_beta_relative_power,-0.032830194288728194,0.7725059066841442,[-0.25  0.19],-0.039718837481464334,0.7264865775440622,[-0.26  0.18],82.0
F3_beta_spectral_entropy,0.044010812141823584,0.6982845337469921,[-0.18  0.26],0.07257832738181995,0.5223104016942333,[-0.15  0.29],82.0
F3_beta_spectral_flatness,0.03414687911910762,0.7636433983506469,[-0.19  0.25],0.0644527823537373,0.5700340751915978,[-0.16  0.28],82.0
F3_beta_spectral_edge_frequency,,,,,,,82.0
F3_beta_spectral_diff,0.17959053457408147,0.11093265369884146,[-0.04  0.38],0.18312413976984943,0.10396774641107973,[-0.04  0.39],82.0
F3_lowgamma_relative_power,-0.020155663473775145,0.8591483160775653,[-0.24  0.2 ],-0.021827070889721894,0.8476031413260328,[-0.24  0.2 ],82.0
F3_lowgamma_spectral_entropy,-0.26853689833566713,0.01601899015346328,[-0.46 -0.05],-0.1494246820381475,0.18586823749205272,[-0.36  0.07],82.0
F3_lowgamma_spectral_flatness,-0.27876131465451826,0.012282472623242937,[-0.47 -0.06],-0.16035616571561398,0.15534315472603358,[-0.37  0.06],82.0
F3_lowgamma_spectral_edge_frequency,,,,,,,82.0
F3_lowgamma_spectral_diff,-0.05720839537709837,0.6142280965863178,[-0.27  0.16],-0.06062021982924561,0.5932295278105331,[-0.28  0.16],82.0
F4_delta_relative_power,0.12333258319070763,0.2757456946376812,[-0.1   0.33],0.12879548448154285,0.2548695872122753,[-0.09  0.34],82.0
F4_delta_spectral_entropy,-0.05767933963953153,0.6113105522088227,[-0.27  0.16],-0.09385372218385013,0.40763004314907103,[-0.31  0.13],82.0
F4_delta_spectral_flatness,-0.05705748382331572,0.6151642790945819,[-0.27  0.16],-0.08807243476744152,0.4372430251765528,[-0.3   0.13],82.0
F4_delta_spectral_edge_frequency,,,,,,,82.0
F4_delta_spectral_diff,-0.08683157296334444,0.4437535927355768,[-0.3   0.14],-0.04681783655646675,0.6800556493374702,[-0.26  0.17],82.0
F4_theta_relative_power,-0.04697657286323408,0.6790301498542346,[-0.26  0.17],-0.029459689022877624,0.795322980164896,[-0.25  0.19],82.0
F4_theta_spectral_entropy,-0.3267662640823632,0.003092853742701042,[-0.51 -0.12],-0.2329999154737022,0.03753145923960835,[-0.43 -0.01],82.0
F4_theta_spectral_flatness,-0.32600464714734195,0.003166886659906182,[-0.51 -0.11],-0.23036259496998432,0.039808137042796274,[-0.43 -0.01],82.0
F4_theta_spectral_edge_frequency,,,,,,,82.0
F4_theta_spectral_diff,-0.03287945054262777,0.7721738341220953,[-0.25  0.19],-0.010637627055839703,0.9253863935609341,[-0.23  0.21],82.0
F4_lowalpha_relative_power,0.1851578828645828,0.10011646821568967,[-0.04  0.39],0.1472840759164474,0.19232270955823827,[-0.07  0.36],82.0
F4_lowalpha_spectral_entropy,0.12148278402138324,0.28306671231243735,[-0.1   0.33],0.048211415103444066,0.6710725898320068,[-0.17  0.27],82.0
F4_lowalpha_spectral_flatness,0.12263536402422082,0.278490086898695,[-0.1   0.33],0.05447920242648981,0.6312526476136762,[-0.17  0.27],82.0
F4_lowalpha_spectral_edge_frequency,,,,,,,82.0
F4_lowalpha_spectral_diff,-0.1256343598046338,0.26681424411979915,[-0.34  0.1 ],-0.11460687026909433,0.31140323407479037,[-0.33  0.11],82.0
F4_highalpha_relative_power,0.0602044178995466,0.5957713240872407,[-0.16  0.28],0.049633031301904246,0.6619560572188314,[-0.17  0.27],82.0
F4_highalpha_spectral_entropy,-0.06740565439106001,0.5524571961649534,[-0.28  0.15],-0.0059341870953388805,0.9583358063448286,[-0.23  0.21],82.0
F4_highalpha_spectral_flatness,-0.06910335203333019,0.5424712207477208,[-0.28  0.15],-0.008625245675950655,0.9394717943096018,[-0.23  0.21],82.0
F4_highalpha_spectral_edge_frequency,,,,,,,82.0
F4_highalpha_spectral_diff,0.19047082399662166,0.0905809024583588,[-0.03  0.39],0.1407049603812081,0.21316838557032053,[-0.08  0.35],82.0
F4_beta_relative_power,0.017780145197780678,0.8756074751113441,[-0.2   0.24],0.04473911500274198,0.6935379872841085,[-0.18  0.26],82.0
F4_beta_spectral_entropy,0.045296028897554644,0.6899163569297688,[-0.18  0.26],0.00954097950326888,0.9330596701261711,[-0.21  0.23],82.0
F4_beta_spectral_flatness,0.039782547032361226,0.7260651699421675,[-0.18  0.26],-0.001806302433418611,0.9873127367774228,[-0.22  0.22],82.0
F4_beta_spectral_edge_frequency,,,,,,,82.0
F4_beta_spectral_diff,0.27591203047213986,0.013238712346707307,[0.06 0.47],0.21504850868156797,0.055408663588823404,[-0.    0.42],82.0
F4_lowgamma_relative_power,-0.07122587689238652,0.5301118258827513,[-0.29  0.15],-0.10234196950553658,0.36634402829315416,[-0.31  0.12],82.0
F4_lowgamma_spectral_entropy,-0.3416106769236826,0.001927153227512062,[-0.52 -0.13],-0.24371563588631973,0.029367762741929378,[-0.44 -0.03],82.0
F4_lowgamma_spectral_flatness,-0.3426408538200218,0.0018633131686417552,[-0.52 -0.13],-0.24390975505541962,0.029234940744242675,[-0.44 -0.03],82.0
F4_lowgamma_spectral_edge_frequency,,,,,,,82.0
F4_lowgamma_spectral_diff,-0.1579146601264539,0.1618138345939853,[-0.36  0.06],-0.13663943135275988,0.22682288854197333,[-0.35  0.09],82.0
F7_delta_relative_power,0.1528162659685971,0.17596562849322786,[-0.07  0.36],0.13776189153888285,0.222993322280802,[-0.08  0.35],82.0
F7_delta_spectral_entropy,0.038500774861375604,0.7345589466348825,[-0.18  0.26],0.00869141358237872,0.9390083414315308,[-0.21  0.23],82.0
F7_delta_spectral_flatness,0.042703758636883214,0.7068319328630089,[-0.18  0.26],0.006785039859912034,0.9523684582380092,[-0.21  0.23],82.0
F7_delta_spectral_edge_frequency,,,,,,,82.0
F7_delta_spectral_diff,-0.10135116319365446,0.37102684180000045,[-0.31  0.12],-0.05213218217466979,0.6460486965695524,[-0.27  0.17],82.0
F7_theta_relative_power,-0.03254305193506164,0.7744425555921987,[-0.25  0.19],-0.04231073160059471,0.7094092724831805,[-0.26  0.18],82.0
F7_theta_spectral_entropy,-0.32240436988283805,0.0035387282477247367,[-0.51 -0.11],-0.24442323090820103,0.02888604692943102,[-0.44 -0.03],82.0
F7_theta_spectral_flatness,-0.32130456141844754,0.003659836951717993,[-0.51 -0.11],-0.23874210788900102,0.03294848243602422,[-0.44 -0.02],82.0
F7_theta_spectral_edge_frequency,,,,,,,82.0
F7_theta_spectral_diff,-0.1557271055906075,0.16777905794763498,[-0.36  0.07],-0.1700067258088124,0.13164337348319544,[-0.38  0.05],82.0
F7_lowalpha_relative_power,0.22604020255972537,0.043787362467934896,[0.01 0.42],0.17354657163580767,0.12367609942940397,[-0.05  0.38],82.0
F7_lowalpha_spectral_entropy,0.19367267147560321,0.08518976802633448,[-0.03  0.4 ],0.21714328355857535,0.05301800080660815,[-0.    0.42],82.0
F7_lowalpha_spectral_flatness,0.193315642063217,0.085778011004141,[-0.03  0.4 ],0.2145029176804067,0.056045572112381696,[-0.01  0.41],82.0
F7_lowalpha_spectral_edge_frequency,,,,,,,82.0
F7_lowalpha_spectral_diff,-0.17832298782339645,0.11351724079119212,[-0.38  0.04],-0.1571846544643495,0.16378676661249097,[-0.36  0.06],82.0
F7_highalpha_relative_power,0.07077236710268081,0.5327407679235949,[-0.15  0.29],0.0922160285060819,0.4158973078258731,[-0.13  0.31],82.0
F7_highalpha_spectral_entropy,-0.1264237309563403,0.26379674346008,[-0.34  0.1 ],-0.04813622024171864,0.6715561381209321,[-0.27  0.17],82.0
F7_highalpha_spectral_flatness,-0.12616928134910652,0.2647668869828131,[-0.34  0.1 ],-0.04432492577054026,0.6962359382330161,[-0.26  0.18],82.0
F7_highalpha_spectral_edge_frequency,,,,,,,82.0
F7_highalpha_spectral_diff,0.0917338513396771,0.4183497636367961,[-0.13  0.31],0.0865982009128493,0.4449840882975701,[-0.14  0.3 ],82.0
F7_beta_relative_power,0.04076247158713745,0.7195937576876685,[-0.18  0.26],0.03513235334138259,0.7570299896242569,[-0.19  0.25],82.0
F7_beta_spectral_entropy,0.020603127989393382,0.8560544732960998,[-0.2   0.24],0.03573238121423544,0.7530117631008891,[-0.19  0.25],82.0
F7_beta_spectral_flatness,0.013907847818796969,0.9025476578816936,[-0.21  0.23],0.03384753977420806,0.7656556094221194,[-0.19  0.25],82.0
F7_beta_spectral_edge_frequency,,,,,,,82.0
F7_beta_spectral_diff,0.2373931119265629,0.033980591379775354,[0.02 0.43],0.25974770285061627,0.01997699572231273,[0.04 0.45],82.0
F7_lowgamma_relative_power,-0.11059910885231974,0.32873756827431466,[-0.32  0.11],-0.10718462317210048,0.3439803393482357,[-0.32  0.12],82.0
F7_lowgamma_spectral_entropy,-0.12987620400181005,0.25087094623286205,[-0.34  0.09],-0.14100748871107016,0.2121760956367575,[-0.35  0.08],82.0
F7_lowgamma_spectral_flatness,-0.13214575184957833,0.24261400723730808,[-0.34  0.09],-0.14770843315704232,0.19103049400867075,[-0.36  0.07],82.0
F7_lowgamma_spectral_edge_frequency,,,,,,,82.0
F7_lowgamma_spectral_diff,-0.06141178203906872,0.5884042245658738,[-0.28  0.16],-0.08735384823540043,0.4410067199054788,[-0.3   0.13],82.0
F8_delta_relative_power,0.1687187931163837,0.1346369912666826,[-0.05  0.37],0.12342110407120398,0.275398557893811,[-0.1   0.33],82.0
F8_delta_spectral_entropy,-0.024259188717401008,0.8308611568138893,[-0.24  0.2 ],-0.05230506011268161,0.6449540526591282,[-0.27  0.17],82.0
F8_delta_spectral_flatness,-0.0251378415930566,0.8248308215344626,[-0.24  0.2 ],-0.05158800365325064,0.6494992748567991,[-0.27  0.17],82.0
F8_delta_spectral_edge_frequency,,,,,,,82.0
F8_delta_spectral_diff,-0.14794998739601678,0.19029773871672956,[-0.36  0.07],-0.13024620848191723,0.24951185780990634,[-0.34  0.09],82.0
F8_theta_relative_power,0.08920340986644262,0.4313562777765092,[-0.13  0.3 ],0.18245176810729297,0.10526608698958173,[-0.04  0.39],82.0
F8_theta_spectral_entropy,-0.2964334238877281,0.007586287998816734,[-0.48 -0.08],-0.022523388812764285,0.8428026567982645,[-0.24  0.2 ],82.0
F8_theta_spectral_flatness,-0.29651738859698873,0.0075684088094564225,[-0.48 -0.08],-0.017876587583096053,0.8749381810389768,[-0.24  0.2 ],82.0
F8_theta_spectral_edge_frequency,,,,,,,82.0
F8_theta_spectral_diff,-0.027586082795093503,0.8080825929310771,[-0.25  0.19],0.012694506130720276,0.911013234174618,[-0.21  0.23],82.0
F8_lowalpha_relative_power,0.17613473102224775,0.11808834731369762,[-0.05  0.38],0.13073848577083966,0.24771147575484842,[-0.09  0.34],82.0
F8_lowalpha_spectral_entropy,0.18701328599754952,0.09670105686545559,[-0.03  0.39],0.12599568720617538,0.26543013368576823,[-0.1   0.34],82.0
F8_lowalpha_spectral_flatness,0.18830496166921,0.0943777991776386,[-0.03  0.39],0.1309839086435459,0.24681724152854145,[-0.09  0.34],82.0
F8_lowalpha_spectral_edge_frequency,,,,,,,82.0
F8_lowalpha_spectral_diff,-0.05846125228800981,0.6064798795749708,[-0.27  0.16],-0.02086706184409009,0.8542306050461153,[-0.24  0.2 ],82.0
F8_highalpha_relative_power,-0.005097114951255446,0.9642087425775381,[-0.22  0.21],0.060446825776236196,0.5942888931768763,[-0.16  0.28],82.0
F8_highalpha_spectral_entropy,-0.23462510126471048,0.036183391692756244,[-0.43 -0.02],0.08311498846903381,0.4635751479603145,[-0.14  0.3 ],82.0
F8_highalpha_spectral_flatness,-0.23305635584822146,0.03748395008958807,[-0.43 -0.01],0.09103912932614444,0.42189790773276914,[-0.13  0.3 ],82.0
F8_highalpha_spectral_edge_frequency,,,,,,,82.0
F8_highalpha_spectral_diff,0.1599365668894403,0.15644128215482378,[-0.06  0.37],0.04906949435450704,0.6655641204729896,[-0.17  0.27],82.0
F8_beta_relative_power,-0.044332696647273455,0.6961852853627404,[-0.26  0.18],0.024111857814900797,0.8318732792664337,[-0.2   0.24],82.0
F8_beta_spectral_entropy,-0.11616796015799363,0.30481423004075525,[-0.33  0.11],0.06108543221998461,0.5903914738635876,[-0.16  0.28],82.0
F8_beta_spectral_flatness,-0.12814996543319643,0.25727861900082943,[-0.34  0.09],0.059207139020065636,0.601887439794801,[-0.16  0.28],82.0
F8_beta_spectral_edge_frequency,,,,,,,82.0
F8_beta_spectral_diff,0.3035920212573303,0.0061888034511858574,[0.09 0.49],0.24538526560090007,0.028241826805348987,[0.03 0.44],82.0
F8_lowgamma_relative_power,-0.11969929308955138,0.2902465059167571,[-0.33  0.1 ],-0.16191904607842622,0.15130342468853328,[-0.37  0.06],82.0
F8_lowgamma_spectral_entropy,-0.3222518391969024,0.00355530821434069,[-0.51 -0.11],-0.16649925804612528,0.13991667621615844,[-0.37  0.06],82.0
F8_lowgamma_spectral_flatness,-0.3256823780761739,0.003198686780916442,[-0.51 -0.11],-0.1691450772610963,0.13364049427668218,[-0.37  0.05],82.0
F8_lowgamma_spectral_edge_frequency,,,,,,,82.0
F8_lowgamma_spectral_diff,-0.07155027564004834,0.5282352982509286,[-0.29  0.15],-0.13657007792176037,0.22706100531548798,[-0.35  0.09],82.0
Fp1_delta_relative_power,0.23916226404167018,0.03263244855639322,[0.02 0.44],0.22350632976864718,0.04626944517130425,[0.   0.42],82.0
Fp1_delta_spectral_entropy,-0.06899347276645701,0.5431148577833895,[-0.28  0.15],-0.04482475160272015,0.6929806401714994,[-0.26  0.18],82.0
Fp1_delta_spectral_flatness,-0.065686605520796,0.5626580399728351,[-0.28  0.16],-0.04313668824321453,0.7039967362612296,[-0.26  0.18],82.0
Fp1_delta_spectral_edge_frequency,,,,,,,82.0
Fp1_delta_spectral_diff,0.010136849484349496,0.9288895477737809,[-0.21  0.23],0.09095957802102639,0.4223052999982463,[-0.13  0.3 ],82.0
Fp1_theta_relative_power,-0.09149326637693415,0.4195765454633721,[-0.31  0.13],-0.011700027447296809,0.9179592240763688,[-0.23  0.21],82.0
Fp1_theta_spectral_entropy,-0.3263547615517773,0.003132659366328767,[-0.51 -0.11],-0.16731903974089457,0.1379487342253857,[-0.37  0.05],82.0
Fp1_theta_spectral_flatness,-0.32543757958707026,0.003223032809013463,[-0.51 -0.11],-0.1662555835301207,0.1405056980766725,[-0.37  0.06],82.0
Fp1_theta_spectral_edge_frequency,,,,,,,82.0
Fp1_theta_spectral_diff,-0.0629278083601326,0.5792126457524942,[-0.28  0.16],0.006669479624527126,0.9531787789603624,[-0.21  0.23],82.0
Fp1_lowalpha_relative_power,0.21868222354260575,0.05131608202158532,[-0.    0.42],0.171851933563793,0.12744296439560673,[-0.05  0.38],82.0
Fp1_lowalpha_spectral_entropy,0.1683358797208745,0.13553689616042267,[-0.05  0.37],0.1847926697791841,0.10079972636525028,[-0.04  0.39],82.0
Fp1_lowalpha_spectral_flatness,0.16830333259809205,0.13561359643395315,[-0.05  0.37],0.18819502619129114,0.09457380904689565,[-0.03  0.39],82.0
Fp1_lowalpha_spectral_edge_frequency,,,,,,,82.0
Fp1_lowalpha_spectral_diff,-0.1438420686064049,0.2030374047072758,[-0.35  0.08],-0.09219034813896129,0.41602771341220446,[-0.31  0.13],82.0
Fp1_highalpha_relative_power,-0.0057858637072072654,0.9593762973043616,[-0.23  0.21],0.04748125364617689,0.6757735884997353,[-0.17  0.26],82.0
Fp1_highalpha_spectral_entropy,-0.23398640825003927,0.03670827016130461,[-0.43 -0.02],-0.0510817690583549,0.6527158906566044,[-0.27  0.17],82.0
Fp1_highalpha_spectral_flatness,-0.23182867757043651,0.03852875499398521,[-0.43 -0.01],-0.048059205131728726,0.6720515299292561,[-0.26  0.17],82.0
Fp1_highalpha_spectral_edge_frequency,,,,,,,82.0
Fp1_highalpha_spectral_diff,0.1753529944778603,0.11975522449932162,[-0.05  0.38],0.12564029909104515,0.26679145364826706,[-0.1   0.34],82.0
Fp1_beta_relative_power,-0.07911416811300329,0.48544220893181533,[-0.29  0.14],-0.07082916220299797,0.5324111795205098,[-0.29  0.15],82.0
Fp1_beta_spectral_entropy,-0.22333828971398337,0.046438076390249494,[-0.42 -0.  ],-0.13149846200470966,0.24494959627828722,[-0.34  0.09],82.0
Fp1_beta_spectral_flatness,-0.2302837083162969,0.039877968088283776,[-0.43 -0.01],-0.13275668692544623,0.24042372469046455,[-0.34  0.09],82.0
Fp1_beta_spectral_edge_frequency,,,,,,,82.0
Fp1_beta_spectral_diff,0.26516076998372634,0.017451143827399502,[0.05 0.46],0.25842322325877004,0.020640644439303635,[0.04 0.45],82.0
Fp1_lowgamma_relative_power,-0.1710475086475151,0.12926139983619264,[-0.38  0.05],-0.19687010074435846,0.08006314505299182,[-0.4   0.02],82.0
Fp1_lowgamma_spectral_entropy,-0.3600994697042561,0.0010346038942719484,[-0.54 -0.15],-0.3353992397218865,0.0023555746964668413,[-0.52 -0.12],82.0
Fp1_lowgamma_spectral_flatness,-0.3599240224893037,0.001040912008822413,[-0.54 -0.15],-0.33714201112933273,0.0022274823835601648,[-0.52 -0.13],82.0
Fp1_lowgamma_spectral_edge_frequency,,,,,,,82.0
Fp1_lowgamma_spectral_diff,-0.037322193871905406,0.7423971472609452,[-0.25  0.18],-0.045984919604306264,0.6854461015767843,[-0.26  0.18],82.0
Fp2_delta_relative_power,0.23119131210730592,0.03908068002312835,[0.01 0.43],0.19202415771640446,0.08793278800507598,[-0.03  0.4 ],82.0
Fp2_delta_spectral_entropy,-0.006750808538270193,0.9526084869277585,[-0.23  0.21],-0.008737767418542335,0.9386836822102504,[-0.23  0.21],82.0
Fp2_delta_spectral_flatness,-0.008959921567543194,0.9371278688076865,[-0.23  0.21],-0.01419694527785054,0.9005321690849043,[-0.23  0.21],82.0
Fp2_delta_spectral_edge_frequency,,,,,,,82.0
Fp2_delta_spectral_diff,0.004996146945838465,0.9649172736125152,[-0.21  0.22],0.06119870441874531,0.5897013796277879,[-0.16  0.28],82.0
Fp2_theta_relative_power,-0.07657325763279386,0.49960902380171857,[-0.29  0.15],-0.027876078012333334,0.8061043022264777,[-0.25  0.19],82.0
Fp2_theta_spectral_entropy,-0.3605656016620106,0.0010180124977160337,[-0.54 -0.15],-0.19764785549872127,0.07885406490069363,[-0.4   0.02],82.0
Fp2_theta_spectral_flatness,-0.35901297740339494,0.0010742327580608381,[-0.54 -0.15],-0.19863204887648783,0.0773449877314192,[-0.4   0.02],82.0
Fp2_theta_spectral_edge_frequency,,,,,,,82.0
Fp2_theta_spectral_diff,-0.021081303781117385,0.8527506850572528,[-0.24  0.2 ],0.012136188168150134,0.9149120488876477,[-0.21  0.23],82.0
Fp2_lowalpha_relative_power,0.20634231010622706,0.06630578291101845,[-0.01  0.41],0.17856424311806515,0.11302175939611792,[-0.04  0.38],82.0
Fp2_lowalpha_spectral_entropy,0.19797096984478782,0.07835606100496291,[-0.02  0.4 ],0.16603329431151037,0.1410446556251373,[-0.06  0.37],82.0
Fp2_lowalpha_spectral_flatness,0.19603019100276217,0.08138539182077413,[-0.02  0.4 ],0.17317940592817962,0.12448492073500195,[-0.05  0.38],82.0
Fp2_lowalpha_spectral_edge_frequency,,,,,,,82.0
Fp2_lowalpha_spectral_diff,-0.09686980065812474,0.3926583931952976,[-0.31  0.13],-0.06285660711640809,0.5796428516449486,[-0.28  0.16],82.0
Fp2_highalpha_relative_power,0.009229167274195139,0.9352425748670712,[-0.21  0.23],0.025723367613484444,0.8208178612855415,[-0.2   0.24],82.0
Fp2_highalpha_spectral_entropy,-0.2542589820944341,0.022851344344400018,[-0.45 -0.04],-0.08827507791962656,0.4361849413269261,[-0.3   0.13],82.0
Fp2_highalpha_spectral_flatness,-0.2512023377179608,0.02459966463760483,[-0.45 -0.03],-0.08912097163695884,0.43178384178916007,[-0.3   0.13],82.0
Fp2_highalpha_spectral_edge_frequency,,,,,,,82.0
Fp2_highalpha_spectral_diff,0.17977775060176768,0.11055480426498698,[-0.04  0.38],0.11195622146882,0.3228003776086886,[-0.11  0.32],82.0
Fp2_beta_relative_power,-0.09849207327376475,0.38474257340557816,[-0.31  0.12],-0.117106587043216,0.3008965073059366,[-0.33  0.11],82.0
Fp2_beta_spectral_entropy,-0.14481480310158465,0.1999670643583323,[-0.35  0.08],-0.08217835274776424,0.46864568811747176,[-0.3   0.14],82.0
Fp2_beta_spectral_flatness,-0.15694273068049963,0.16444450180183598,[-0.36  0.07],-0.07492317000540327,0.5089230124675053,[-0.29  0.15],82.0
Fp2_beta_spectral_edge_frequency,,,,,,,82.0
Fp2_beta_spectral_diff,0.3125865567690141,0.004758173092773783,[0.1 0.5],0.2683616683227123,0.016090748256035264,[0.05 0.46],82.0
Fp2_lowgamma_relative_power,-0.1821094741850993,0.10593188056574503,[-0.39  0.04],-0.16659729419150787,0.1396802247778446,[-0.37  0.06],82.0
Fp2_lowgamma_spectral_entropy,-0.35712012277540867,0.0011465744713859297,[-0.53 -0.15],-0.24239648014279058,0.030283918242673277,[-0.44 -0.02],82.0
Fp2_lowgamma_spectral_flatness,-0.3584322095986813,0.001095975746109709,[-0.54 -0.15],-0.24941738862945095,0.02567221816652569,[-0.44 -0.03],82.0
Fp2_lowgamma_spectral_edge_frequency,,,,,,,82.0
Fp2_lowgamma_spectral_diff,-0.11129103129489144,0.32570187660033656,[-0.32  0.11],-0.15279988255024177,0.17601251793076952,[-0.36  0.07],82.0
Fpz_delta_relative_power,0.19161817249149507,0.08861892622177163,[-0.03  0.39],0.18550300370781353,0.09947413246679766,[-0.04  0.39],82.0
Fpz_delta_spectral_entropy,0.015893178904327177,0.8887196853304584,[-0.2   0.23],0.02770788451358081,0.8072515380647117,[-0.19  0.25],82.0
Fpz_delta_spectral_flatness,0.017089531309186334,0.8804027421985837,[-0.2   0.24],0.026960633396477425,0.812353369645058,[-0.19  0.25],82.0
Fpz_delta_spectral_edge_frequency,,,,,,,82.0
Fpz_delta_spectral_diff,-0.03379288905117521,0.7660231489668307,[-0.25  0.19],0.019696392640190602,0.8623259962133506,[-0.2   0.24],82.0
Fpz_theta_relative_power,-0.06815264178254221,0.548052482912883,[-0.28  0.15],-0.0020213677626902005,0.985802290358806,[-0.22  0.22],82.0
Fpz_theta_spectral_entropy,-0.32444690639448953,0.003323258005443392,[-0.51 -0.11],-0.1829052839698507,0.10438897719043334,[-0.39  0.04],82.0
Fpz_theta_spectral_flatness,-0.3240686466192876,0.0033622543271390895,[-0.51 -0.11],-0.17827178377584418,0.11362261731688263,[-0.38  0.04],82.0
Fpz_theta_spectral_edge_frequency,,,,,,,82.0
Fpz_theta_spectral_diff,-0.11191184686050135,0.322993419453388,[-0.32  0.11],-0.07161209793334049,0.5278780558345018,[-0.29  0.15],82.0
Fpz_lowalpha_relative_power,0.21120498549153813,0.06002391245502529,[-0.01  0.41],0.1958216222544518,0.08171641457164913,[-0.02  0.4 ],82.0
Fpz_lowalpha_spectral_entropy,0.195892648450079,0.08160356771910819,[-0.02  0.4 ],0.19655105101579678,0.08056338558188349,[-0.02  0.4 ],82.0
Fpz_lowalpha_spectral_flatness,0.19474607333842756,0.08344047320689837,[-0.03  0.4 ],0.19978796109617772,0.07560217097573652,[-0.02  0.4 ],82.0
Fpz_lowalpha_spectral_edge_frequency,,,,,,,82.0
Fpz_lowalpha_spectral_diff,-0.045684129284764445,0.687396632099206,[-0.26  0.18],-0.00642081319030804,0.9549226144787929,[-0.23  0.21],82.0
Fpz_highalpha_relative_power,0.017990019586575815,0.8741510941436539,[-0.2   0.24],0.08394797020710958,0.4590910437736859,[-0.14  0.3 ],82.0
Fpz_highalpha_spectral_entropy,-0.20100160590426872,0.07380627677336529,[-0.4   0.02],-0.0293007178940847,0.7964035728200878,[-0.25  0.19],82.0
Fpz_highalpha_spectral_flatness,-0.19909758205295316,0.07663926277816754,[-0.4   0.02],-0.022166347861069736,0.845263428401612,[-0.24  0.2 ],82.0
Fpz_highalpha_spectral_edge_frequency,,,,,,,82.0
Fpz_highalpha_spectral_diff,0.1497135317378953,0.1850094539686408,[-0.07  0.36],0.10678640065754584,0.3457864235664514,[-0.12  0.32],82.0
Fpz_beta_relative_power,-0.08728243056429759,0.4413817715748336,[-0.3   0.14],-0.08203727493159023,0.46941202189673537,[-0.3   0.14],82.0
Fpz_beta_spectral_entropy,-0.1568343336653867,0.1647398404267309,[-0.36  0.07],-0.08887969870479905,0.43303658126759037,[-0.3   0.13],82.0
Fpz_beta_spectral_flatness,-0.16660907471389905,0.1396518318772476,[-0.37  0.06],-0.08268024317927243,0.4659249352474869,[-0.3   0.14],82.0
Fpz_beta_spectral_edge_frequency,,,,,,,82.0
Fpz_beta_spectral_diff,0.31979746227415784,0.003831794300504138,[0.11 0.5 ],0.3205814998551541,0.0037414591089124693,[0.11 0.5 ],82.0
Fpz_lowgamma_relative_power,-0.1867958804628314,0.09709646381484278,[-0.39  0.03],-0.2210067992748561,0.048830574016771384,[-0.42 -0.  ],82.0
Fpz_lowgamma_spectral_entropy,-0.3810733793534142,0.0004878315422803461,[-0.55 -0.18],-0.3316759251889466,0.0026516331649186994,[-0.51 -0.12],82.0
Fpz_lowgamma_spectral_flatness,-0.3805043175082995,0.0004982180712250583,[-0.55 -0.18],-0.33168318110250017,0.0026510251730561055,[-0.51 -0.12],82.0
Fpz_lowgamma_spectral_edge_frequency,,,,,,,82.0
Fpz_lowgamma_spectral_diff,-0.05822089109902274,0.6079630542915645,[-0.27  0.16],-0.12077696167043836,0.28589390077774013,[-0.33  0.1 ],82.0
Fz_delta_relative_power,-0.04640836341395944,0.6827036849845336,[-0.26  0.18],-0.04873655429065621,0.66769936009816,[-0.27  0.17],82.0
Fz_delta_spectral_entropy,-0.13108251156957845,0.24645859254116975,[-0.34  0.09],-0.06241411408959942,0.5823197335341375,[-0.28  0.16],82.0
Fz_delta_spectral_flatness,-0.131242158681183,0.24587866681426576,[-0.34  0.09],-0.06891372902686244,0.5435822041168074,[-0.28  0.15],82.0
Fz_delta_spectral_edge_frequency,,,,,,,82.0
Fz_delta_spectral_diff,-0.1801134053515626,0.10987986415901217,[-0.38  0.04],-0.12733561448385602,0.26033975822575584,[-0.34  0.1 ],82.0
Fz_theta_relative_power,0.006059213964412521,0.9574587948342126,[-0.21  0.23],0.04993197143617784,0.6600451967457133,[-0.17  0.27],82.0
Fz_theta_spectral_entropy,-0.14492907252259288,0.19960857844643387,[-0.35  0.08],-0.001986174082242639,0.9860494592754826,[-0.22  0.22],82.0
Fz_theta_spectral_flatness,-0.1471549451867897,0.1927171747557995,[-0.36  0.07],-0.0029904054757470696,0.9789972424301663,[-0.22  0.22],82.0
Fz_theta_spectral_edge_frequency,,,,,,,82.0
Fz_theta_spectral_diff,0.0020548227376847397,0.9855673337918538,[-0.22  0.22],0.016845948424398717,0.8820950918618189,[-0.2   0.24],82.0
Fz_lowalpha_relative_power,0.11897060166360443,0.29321427787688276,[-0.1   0.33],0.13301073587766513,0.2395169600112544,[-0.09  0.34],82.0
Fz_lowalpha_spectral_entropy,0.07368003077375078,0.5159984271351571,[-0.15  0.29],0.06768242214617419,0.5508232122548453,[-0.15  0.28],82.0
Fz_lowalpha_spectral_flatness,0.0720632077298547,0.5252749619211265,[-0.15  0.29],0.07017266049317991,0.5362270997229798,[-0.15  0.29],82.0
Fz_lowalpha_spectral_edge_frequency,,,,,,,82.0
Fz_lowalpha_spectral_diff,-0.15588068957165374,0.16735503800745913,[-0.36  0.07],-0.10501775226231014,0.3538793037046053,[-0.32  0.12],82.0
Fz_highalpha_relative_power,0.1044771852661283,0.3563760283649412,[-0.12  0.32],0.13750497449873555,0.22386583180403072,[-0.08  0.35],82.0
Fz_highalpha_spectral_entropy,0.07214451141757011,0.5248064913380992,[-0.15  0.29],0.12104234609130142,0.28482870989814274,[-0.1   0.33],82.0
Fz_highalpha_spectral_flatness,0.07510817287837293,0.5078743340151632,[-0.15  0.29],0.12208796802088134,0.2806574748903476,[-0.1   0.33],82.0
Fz_highalpha_spectral_edge_frequency,,,,,,,82.0
Fz_highalpha_spectral_diff,0.019929542737016456,0.8607125618631803,[-0.2   0.24],0.009051345332618225,0.9364876682677457,[-0.21  0.23],82.0
Fz_beta_relative_power,-0.06851877644794942,0.5458997528851377,[-0.28  0.15],-0.058294442972239104,0.6075090261203216,[-0.27  0.16],82.0
Fz_beta_spectral_entropy,0.12596448102611377,0.2655494812272283,[-0.1   0.34],0.05220218724428402,0.6456053415167995,[-0.17  0.27],82.0
Fz_beta_spectral_flatness,0.12507473126831511,0.26896756649902936,[-0.1   0.34],0.053393962681777374,0.6380766558166203,[-0.17  0.27],82.0
Fz_beta_spectral_edge_frequency,,,,,,,82.0
Fz_beta_spectral_diff,0.29099722661292937,0.008825826620953353,[0.08 0.48],0.28071103164648226,0.01166323851468964,[0.07 0.47],82.0
Fz_lowgamma_relative_power,-0.1113430742154364,0.3254742723084523,[-0.32  0.11],-0.14578939316208692,0.19692435420943918,[-0.35  0.08],82.0
Fz_lowgamma_spectral_entropy,-0.19992491951576438,0.07539777240312708,[-0.4   0.02],-0.17133032053134017,0.12861985297016415,[-0.38  0.05],82.0
Fz_lowgamma_spectral_flatness,-0.20262653386357188,0.07145551276747185,[-0.4   0.02],-0.1720315984975969,0.12703950348007712,[-0.38  0.05],82.0
Fz_lowgamma_spectral_edge_frequency,,,,,,,82.0
Fz_lowgamma_spectral_diff,-0.048459508257255327,0.6694781492153852,[-0.27  0.17],-0.06802133089551125,0.5488255410467558,[-0.28  0.15],82.0
O1_delta_relative_power,0.20662133182217252,0.06593151302072063,[-0.01  0.41],0.1375911054950098,0.22357305815473047,[-0.08  0.35],82.0
O1_delta_spectral_entropy,0.11523143516041708,0.30875611720200674,[-0.11  0.33],0.16574175090752533,0.141753885677923,[-0.06  0.37],82.0
O1_delta_spectral_flatness,0.11278379151884052,0.31921374221649745,[-0.11  0.32],0.1632136602060446,0.1480169667434675,[-0.06  0.37],82.0
O1_delta_spectral_edge_frequency,,,,,,,82.0
O1_delta_spectral_diff,0.05666765444862273,0.6175854350263124,[-0.17  0.27],0.12582721749218626,0.26607487368535054,[-0.1   0.34],82.0
O1_theta_relative_power,-0.16483370230968952,0.14398008835503648,[-0.37  0.06],-0.019572442133836573,0.8631839824850361,[-0.24  0.2 ],82.0
O1_theta_spectral_entropy,-0.4625446240704036,1.5626585382769147e-05,[-0.62 -0.27],-0.2558944325613543,0.021960178644451166,[-0.45 -0.04],82.0
O1_theta_spectral_flatness,-0.4607621553379403,1.7013869976419773e-05,[-0.62 -0.27],-0.25808894466049387,0.020811087733197408,[-0.45 -0.04],82.0
O1_theta_spectral_edge_frequency,,,,,,,82.0
O1_theta_spectral_diff,-0.23598356451616395,0.03508784505590465,[-0.43 -0.02],-0.19797432912807164,0.0783508966847423,[-0.4   0.02],82.0
O1_lowalpha_relative_power,0.28947162209774874,0.009204123580850543,[0.07 0.48],0.2616903392569432,0.01903668959083371,[0.04 0.46],82.0
O1_lowalpha_spectral_entropy,0.11978613414543166,0.2898941514918262,[-0.1   0.33],0.10182924072577337,0.3687627899412679,[-0.12  0.31],82.0
O1_lowalpha_spectral_flatness,0.11852102397037785,0.29505521783782007,[-0.1   0.33],0.09835356628063763,0.3854146526961102,[-0.12  0.31],82.0
O1_lowalpha_spectral_edge_frequency,,,,,,,82.0
O1_lowalpha_spectral_diff,-0.16169641302255128,0.1518740431869102,[-0.37  0.06],-0.14818541129152113,0.18958553509551807,[-0.36  0.07],82.0
O1_highalpha_relative_power,-0.0023458408418222955,0.9835235477798814,[-0.22  0.22],0.08204719717593809,0.4693581021271753,[-0.14  0.3 ],82.0
O1_highalpha_spectral_entropy,-0.29830238691683475,0.007196981392325873,[-0.49 -0.08],-0.008144217658456977,0.9428416027283032,[-0.23  0.21],82.0
O1_highalpha_spectral_flatness,-0.29920966700193796,0.0070144154134751165,[-0.49 -0.09],-0.010458028959414518,0.9266425997375765,[-0.23  0.21],82.0
O1_highalpha_spectral_edge_frequency,,,,,,,82.0
O1_highalpha_spectral_diff,0.3204694101659442,0.003754256459073098,[0.11 0.5 ],0.23427638464325343,0.03646918433590954,[0.02 0.43],82.0
O1_beta_relative_power,0.10337240318030556,0.3615124630219454,[-0.12  0.32],0.1295132482685995,0.252209057941191,[-0.09  0.34],82.0
O1_beta_spectral_entropy,-0.3101344344772723,0.005115721010414451,[-0.5 -0.1],-0.028569771803556215,0.8013770145295107,[-0.25  0.19],82.0
O1_beta_spectral_flatness,-0.3203685504719286,0.00376580500124103,[-0.5  -0.11],-0.031189629000247302,0.7835891564291091,[-0.25  0.19],82.0
O1_beta_spectral_edge_frequency,,,,,,,82.0
O1_beta_spectral_diff,0.40505884166739603,0.00019375690856467486,[0.2  0.57],0.40859303149877946,0.00016809892496113602,[0.21 0.58],82.0
O1_lowgamma_relative_power,-0.16322564818242202,0.1479867864813258,[-0.37  0.06],-0.16243377822525876,0.14999027749061425,[-0.37  0.06],82.0
O1_lowgamma_spectral_entropy,-0.46760172633028296,1.2244312183681587e-05,[-0.62 -0.28],-0.4215242044878699,9.860921712841672e-05,[-0.59 -0.22],82.0
O1_lowgamma_spectral_flatness,-0.4651103054961364,1.3814369811769393e-05,[-0.62 -0.27],-0.4236204426247049,9.025547286898852e-05,[-0.59 -0.22],82.0
O1_lowgamma_spectral_edge_frequency,,,,,,,82.0
O1_lowgamma_spectral_diff,-0.12112335761248183,0.28450407378899834,[-0.33  0.1 ],-0.13369946389423473,0.23707062131269596,[-0.34  0.09],82.0
O2_delta_relative_power,0.09497167162470135,0.40204209937768265,[-0.13  0.31],0.10370423041981985,0.3599649472299029,[-0.12  0.32],82.0
O2_delta_spectral_entropy,0.013129129820788087,0.9079796432938527,[-0.21  0.23],0.08976018420007556,0.4284748901571709,[-0.13  0.3 ],82.0
O2_delta_spectral_flatness,0.01561087822322513,0.8906840036385792,[-0.2   0.23],0.09173475386745861,0.41834516540333044,[-0.13  0.31],82.0
O2_delta_spectral_edge_frequency,,,,,,,82.0
O2_delta_spectral_diff,-0.03364293721328506,0.7670318769854937,[-0.25  0.19],0.017143899995343024,0.8800250757361441,[-0.2   0.24],82.0
O2_theta_relative_power,-0.1987771097439558,0.0771245280770691,[-0.4   0.02],-0.10180253135256619,0.36888905590551246,[-0.31  0.12],82.0
O2_theta_spectral_entropy,-0.32788064368569425,0.0029873179653318927,[-0.51 -0.12],-0.1687720870002296,0.13451210241493033,[-0.37  0.05],82.0
O2_theta_spectral_flatness,-0.32598603279516564,0.003168715726211365,[-0.51 -0.11],-0.17198430393610467,0.1271456149090748,[-0.38  0.05],82.0
O2_theta_spectral_edge_frequency,,,,,,,82.0
O2_theta_spectral_diff,-0.17109724273101073,0.1291484038974372,[-0.38  0.05],-0.1312606343476832,0.24581161369853652,[-0.34  0.09],82.0
O2_lowalpha_relative_power,0.20823879577248383,0.0637954069091529,[-0.01  0.41],0.18153985871435668,0.10704708976082378,[-0.04  0.39],82.0
O2_lowalpha_spectral_entropy,0.11609353975591427,0.3051262663838532,[-0.11  0.33],0.05714795007931379,0.6146029961728385,[-0.16  0.27],82.0
O2_lowalpha_spectral_flatness,0.11668490402272615,0.30265247641380993,[-0.11  0.33],0.06086508834994822,0.5917349298310686,[-0.16  0.28],82.0
O2_lowalpha_spectral_edge_frequency,,,,,,,82.0
O2_lowalpha_spectral_diff,-0.22679263219853554,0.043071909016190346,[-0.43 -0.01],-0.2301616761047202,0.03998619264744115,[-0.43 -0.01],82.0
O2_highalpha_relative_power,0.0001295006036998467,0.9990903650631195,[-0.22  0.22],0.08746477737970773,0.4404245280153475,[-0.13  0.3 ],82.0
O2_highalpha_spectral_entropy,-0.14317347575208733,0.20516718253347385,[-0.35  0.08],-0.050798552927814565,0.6545182174543409,[-0.27  0.17],82.0
O2_highalpha_spectral_flatness,-0.14519829067181556,0.1987658080206517,[-0.35  0.08],-0.05322805217427978,0.6391225780641909,[-0.27  0.17],82.0
O2_highalpha_spectral_edge_frequency,,,,,,,82.0
O2_highalpha_spectral_diff,0.2424096480154763,0.030274655522653966,[0.02 0.44],0.24316633386418848,0.02974637250903946,[0.02 0.44],82.0
O2_beta_relative_power,-0.019273880927085665,0.8652512731072027,[-0.24  0.2 ],0.006391708549281289,0.955126732039481,[-0.21  0.23],82.0
O2_beta_spectral_entropy,-0.1986376929892678,0.07733640055549519,[-0.4   0.02],-0.03301450229699778,0.7712635611627622,[-0.25  0.19],82.0
O2_beta_spectral_flatness,-0.20507359047263418,0.06802929869993307,[-0.41  0.02],-0.037987232599937616,0.7379710014416976,[-0.26  0.18],82.0
O2_beta_spectral_edge_frequency,,,,,,,82.0
O2_beta_spectral_diff,0.3170090553302606,0.0041690182448143815,[0.1 0.5],0.30240884560050424,0.006402790252566773,[0.09 0.49],82.0
O2_lowgamma_relative_power,-0.03837227683879212,0.7354122286011026,[-0.26  0.18],-0.043036699404597534,0.7046511929404413,[-0.26  0.18],82.0
O2_lowgamma_spectral_entropy,-0.31782513749921504,0.004067690726810405,[-0.5  -0.11],-0.42938263775516317,7.054865664555759e-05,[-0.59 -0.23],82.0
O2_lowgamma_spectral_flatness,-0.3154408197238938,0.004370058044687398,[-0.5 -0.1],-0.42655527902296264,7.965709630778477e-05,[-0.59 -0.23],82.0
O2_lowgamma_spectral_edge_frequency,,,,,,,82.0
O2_lowgamma_spectral_diff,-0.14992086744368902,0.18439479819884805,[-0.36  0.07],-0.16440685125377466,0.1450356086393632,[-0.37  0.06],82.0
P3_delta_relative_power,0.13351493099116063,0.23772437118745357,[-0.09  0.34],0.11648079184185928,0.30350483427600855,[-0.11  0.33],82.0
P3_delta_spectral_entropy,-0.1837368234136308,0.10279555821253089,[-0.39  0.04],-0.2839508786264007,0.010694225273891442,[-0.47 -0.07],82.0
P3_delta_spectral_flatness,-0.1862180619294983,0.09815353595190031,[-0.39  0.03],-0.28892915648911693,0.009342015664568342,[-0.48 -0.07],82.0
P3_delta_spectral_edge_frequency,,,,,,,82.0
P3_delta_spectral_diff,-0.2373831723216073,0.03398829554693106,[-0.43 -0.02],-0.19866841127627244,0.07728967789428808,[-0.4   0.02],82.0
P3_theta_relative_power,0.02767012229341472,0.8075091674610329,[-0.19  0.25],0.05242582847518539,0.6441898080590763,[-0.17  0.27],82.0
P3_theta_spectral_entropy,-0.36800646740278703,0.0007838714433680918,[-0.54 -0.16],-0.12040678333592622,0.2873841135879972,[-0.33  0.1 ],82.0
P3_theta_spectral_flatness,-0.36809424529882695,0.0007814291721670675,[-0.54 -0.16],-0.120652318288737,0.2863950999909981,[-0.33  0.1 ],82.0
P3_theta_spectral_edge_frequency,,,,,,,82.0
P3_theta_spectral_diff,-0.06831171294689538,0.5471167008621225,[-0.28  0.15],-0.13850684702031593,0.22047689769538872,[-0.35  0.08],82.0
P3_lowalpha_relative_power,0.2194273250193661,0.05050833156450909,[-0.    0.42],0.188415641258177,0.09418078530262969,[-0.03  0.39],82.0
P3_lowalpha_spectral_entropy,0.22222692381843887,0.04756616868808929,[0.   0.42],0.18521229207584353,0.10001498751473588,[-0.04  0.39],82.0
P3_lowalpha_spectral_flatness,0.22753700348849967,0.04237367801563083,[0.01 0.43],0.19185673983006665,0.08821522302350382,[-0.03  0.39],82.0
P3_lowalpha_spectral_edge_frequency,,,,,,,82.0
P3_lowalpha_spectral_diff,-0.0351748166120529,0.7567454111562133,[-0.25  0.19],-0.014620152626223834,0.897582849279912,[-0.23  0.21],82.0
P3_highalpha_relative_power,0.10538496499604061,0.3521894514908239,[-0.12  0.32],0.12583444464465535,0.2660471934153003,[-0.1   0.34],82.0
P3_highalpha_spectral_entropy,-0.1738862988796381,0.12293131011655815,[-0.38  0.05],-0.042059632348400475,0.7110576083417681,[-0.26  0.18],82.0
P3_highalpha_spectral_flatness,-0.173092144395072,0.1246777409509066,[-0.38  0.05],-0.042831825674039294,0.7059928218671603,[-0.26  0.18],82.0
P3_highalpha_spectral_edge_frequency,,,,,,,82.0
P3_highalpha_spectral_diff,0.15541241606113315,0.1686503339995528,[-0.07  0.36],0.12934696972499352,0.2528237050002941,[-0.09  0.34],82.0
P3_beta_relative_power,0.0627110233998712,0.5805229420054384,[-0.16  0.28],0.1072992026773,0.3434617756053774,[-0.12  0.32],82.0
P3_beta_spectral_entropy,0.12384359111907692,0.2737457947655962,[-0.1   0.33],0.13477214785449274,0.23329506639678266,[-0.09  0.34],82.0
P3_beta_spectral_flatness,0.11695567917747972,0.30152415033572066,[-0.11  0.33],0.12379043233108743,0.2739533847581581,[-0.1   0.33],82.0
P3_beta_spectral_edge_frequency,,,,,,,82.0
P3_beta_spectral_diff,0.3022013777957729,0.00644097777152938,[0.09 0.49],0.2725460637904793,0.014450925385149395,[0.06 0.46],82.0
P3_lowgamma_relative_power,-0.08294428684803237,0.4644970131012587,[-0.3   0.14],-0.10955666275340943,0.3333449691351501,[-0.32  0.11],82.0
P3_lowgamma_spectral_entropy,-0.36562841201444063,0.0008527384372631389,[-0.54 -0.16],-0.26707332480111173,0.01662689304833148,[-0.46 -0.05],82.0
P3_lowgamma_spectral_flatness,-0.3683365073842989,0.0007747245303200892,[-0.54 -0.16],-0.2762248885695838,0.013130653694703873,[-0.47 -0.06],82.0
P3_lowgamma_spectral_edge_frequency,,,,,,,82.0
P3_lowgamma_spectral_diff,-0.04850986301093784,0.6691547081820018,[-0.27  0.17],-0.10442820403499915,0.35660279536247175,[-0.32  0.12],82.0
P4_delta_relative_power,0.09475042937806873,0.4031443626555301,[-0.13  0.31],0.10318525067713359,0.36238707206873,[-0.12  0.32],82.0
P4_delta_spectral_entropy,0.04089671092833151,0.7187087632727098,[-0.18  0.26],0.08730740849467308,0.44125057898715503,[-0.13  0.3 ],82.0
P4_delta_spectral_flatness,0.03981095116772352,0.7258773166368127,[-0.18  0.26],0.08398816773696385,0.45887525707950927,[-0.14  0.3 ],82.0
P4_delta_spectral_edge_frequency,,,,,,,82.0
P4_delta_spectral_diff,-0.12275899128070183,0.27800214102839693,[-0.33  0.1 ],-0.02331507932080465,0.8373516241802731,[-0.24  0.2 ],82.0
P4_theta_relative_power,-0.14297321919195585,0.20580818055204111,[-0.35  0.08],-0.17156017536019555,0.12810022677125937,[-0.38  0.05],82.0
P4_theta_spectral_entropy,-0.3116484173525206,0.004892257385597329,[-0.5 -0.1],-0.2431992332273236,0.029723581132638757,[-0.44 -0.02],82.0
P4_theta_spectral_flatness,-0.3118409576912641,0.004864468237329804,[-0.5 -0.1],-0.24097040987345186,0.03130129377987482,[-0.44 -0.02],82.0
P4_theta_spectral_edge_frequency,,,,,,,82.0
P4_theta_spectral_diff,-0.17167699497319697,0.1278367502157781,[-0.38  0.05],-0.15671078654666737,0.1650769344149684,[-0.36  0.07],82.0
P4_lowalpha_relative_power,0.20092704174314863,0.07391561804157402,[-0.02  0.4 ],0.13825356727601337,0.22133021400148473,[-0.08  0.35],82.0
P4_lowalpha_spectral_entropy,0.21694490851443649,0.053240710988609156,[-0.    0.42],0.21293620874757016,0.05790780500022415,[-0.01  0.41],82.0
P4_lowalpha_spectral_flatness,0.2163938526828075,0.053863389797115475,[-0.    0.42],0.21399528644476554,0.056643524280347,[-0.01  0.41],82.0
P4_lowalpha_spectral_edge_frequency,,,,,,,82.0
P4_lowalpha_spectral_diff,-0.24580830325409656,0.0279624091844496,[-0.44 -0.03],-0.30347483512970025,0.006209712045899443,[-0.49 -0.09],82.0
P4_highalpha_relative_power,0.10996552450245273,0.33153303510175125,[-0.11  0.32],0.12448065519053876,0.27126620324181133,[-0.1   0.34],82.0
P4_highalpha_spectral_entropy,0.010156998673142787,0.9287485689963795,[-0.21  0.23],0.11198664022614917,0.322668090216806,[-0.11  0.32],82.0
P4_highalpha_spectral_flatness,0.008374396375297426,0.9412289728533058,[-0.21  0.23],0.1144166460800869,0.3122123754314544,[-0.11  0.33],82.0
P4_highalpha_spectral_edge_frequency,,,,,,,82.0
P4_highalpha_spectral_diff,0.14590935916707196,0.19655212585501872,[-0.08  0.35],0.1424527405560221,0.2074808421144606,[-0.08  0.35],82.0
P4_beta_relative_power,0.08494393882190109,0.4537609776101751,[-0.14  0.3 ],0.12198322952592157,0.28107345866711464,[-0.1   0.33],82.0
P4_beta_spectral_entropy,0.1775893494427801,0.11503427219332482,[-0.04  0.38],0.175817302134699,0.11876302773923868,[-0.05  0.38],82.0
P4_beta_spectral_flatness,0.17328968416735205,0.12424156728365628,[-0.05  0.38],0.16841111393014452,0.13535972562370224,[-0.05  0.37],82.0
P4_beta_spectral_edge_frequency,,,,,,,82.0
P4_beta_spectral_diff,0.2050274568917577,0.06809264399626613,[-0.02  0.41],0.1824968416588616,0.10517865790660404,[-0.04  0.39],82.0
P4_lowgamma_relative_power,-0.08722322886876605,0.4416928065055947,[-0.3   0.14],-0.08260273191501967,0.4663445619905211,[-0.3   0.14],82.0
P4_lowgamma_spectral_entropy,-0.21064755214614939,0.060718505362110625,[-0.41  0.01],-0.2151648362418337,0.05527363375645657,[-0.42  0.  ],82.0
P4_lowgamma_spectral_flatness,-0.21023252282664973,0.06123988484706429,[-0.41  0.01],-0.22260193925102167,0.047183010387324587,[-0.42 -0.  ],82.0
P4_lowgamma_spectral_edge_frequency,,,,,,,82.0
P4_lowgamma_spectral_diff,0.0689245755887933,0.5435186252030031,[-0.15  0.28],0.012061932846348423,0.9154307378122702,[-0.21  0.23],82.0
Pz_delta_relative_power,0.10195430283961511,0.36817192179951663,[-0.12  0.31],0.03498488911342654,0.7580185095418155,[-0.19  0.25],82.0
Pz_delta_spectral_entropy,0.004479024120854631,0.9685465359175011,[-0.22  0.22],0.04495428673982564,0.6921378986651379,[-0.18  0.26],82.0
Pz_delta_spectral_flatness,0.010657764997510765,0.9252455492270593,[-0.21  0.23],0.0480282353810931,0.6722507790713252,[-0.17  0.26],82.0
Pz_delta_spectral_edge_frequency,,,,,,,82.0
Pz_delta_spectral_diff,-0.03690492421481118,0.7451785545497089,[-0.25  0.18],0.025253708821756995,0.8240363542199438,[-0.2   0.24],82.0
Pz_theta_relative_power,-0.04176244277496418,0.7130102159278242,[-0.26  0.18],-0.05544082036620559,0.625231601198545,[-0.27  0.17],82.0
Pz_theta_spectral_entropy,-0.2941074981605476,0.008096548947176563,[-0.48 -0.08],-0.08636105719353558,0.44623642279669784,[-0.3   0.14],82.0
Pz_theta_spectral_flatness,-0.29483324567203484,0.007934193874516646,[-0.48 -0.08],-0.08911228017352993,0.43182893389653343,[-0.3   0.13],82.0
Pz_theta_spectral_edge_frequency,,,,,,,82.0
Pz_theta_spectral_diff,-0.09714484062503453,0.3913095734787698,[-0.31  0.13],-0.14539086366655563,0.19816453727809757,[-0.35  0.08],82.0
Pz_lowalpha_relative_power,0.2085932217727272,0.06333490292561855,[-0.01  0.41],0.17676847149146943,0.11675018447486316,[-0.04  0.38],82.0
Pz_lowalpha_spectral_entropy,0.21353273271759357,0.057192902044430824,[-0.01  0.41],0.08392848506046885,0.4591956631801084,[-0.14  0.3 ],82.0
Pz_lowalpha_spectral_flatness,0.2166452516094997,0.053578580061530934,[-0.    0.42],0.08764820123762089,0.43946280933729076,[-0.13  0.3 ],82.0
Pz_lowalpha_spectral_edge_frequency,,,,,,,82.0
Pz_lowalpha_spectral_diff,-0.14127822401624474,0.21129086505735287,[-0.35  0.08],-0.18998398874828823,0.09142367974348281,[-0.39  0.03],82.0
Pz_highalpha_relative_power,0.11702576540021925,0.301232547512444,[-0.11  0.33],0.14502947540905203,0.1992939747597496,[-0.08  0.35],82.0
Pz_highalpha_spectral_entropy,-0.08939775067890524,0.43034928668600325,[-0.3   0.13],-0.052338811982941116,0.644740427483169,[-0.27  0.17],82.0
Pz_highalpha_spectral_flatness,-0.09358095514423033,0.4090002952699927,[-0.31  0.13],-0.05307579060074338,0.6400830753288358,[-0.27  0.17],82.0
Pz_highalpha_spectral_edge_frequency,,,,,,,82.0
Pz_highalpha_spectral_diff,0.13138506661423446,0.24536034334431997,[-0.09  0.34],0.10957359671155972,0.33326979951658575,[-0.11  0.32],82.0
Pz_beta_relative_power,0.11338618374347398,0.3166191604452592,[-0.11  0.33],0.15469539981461428,0.17064795332867974,[-0.07  0.36],82.0
Pz_beta_spectral_entropy,0.0220276340652632,0.8462198623120225,[-0.2   0.24],0.07898562118979273,0.4861537615015804,[-0.14  0.29],82.0
Pz_beta_spectral_flatness,0.012524629939128347,0.9121992860171656,[-0.21  0.23],0.07077316439837401,0.5327361404258195,[-0.15  0.29],82.0
Pz_beta_spectral_edge_frequency,,,,,,,82.0
Pz_beta_spectral_diff,0.3482369611269817,0.0015486389329108369,[0.14 0.53],0.3543773510858104,0.0012592451083784794,[0.15 0.53],82.0
Pz_lowgamma_relative_power,-0.159229588437412,0.1583045498391554,[-0.37  0.06],-0.17324603938008595,0.12433783565741115,[-0.38  0.05],82.0
Pz_lowgamma_spectral_entropy,-0.3657114967307943,0.0008502424859576339,[-0.54 -0.16],-0.27253762294724027,0.014454082022294416,[-0.46 -0.06],82.0
Pz_lowgamma_spectral_flatness,-0.3646746746499536,0.0008818707293154933,[-0.54 -0.16],-0.27180194682565495,0.014731504744014133,[-0.46 -0.06],82.0
Pz_lowgamma_spectral_edge_frequency,,,,,,,82.0
Pz_lowgamma_spectral_diff,-0.08298971055611926,0.46425160712294133,[-0.3   0.14],-0.10382520947226552,0.35940176325756046,[-0.32  0.12],82.0
T3_delta_relative_power,-0.060108237709758115,0.5963599660973646,[-0.28  0.16],-0.024242710465100577,0.8309743442067765,[-0.24  0.2 ],82.0
T3_delta_spectral_entropy,-0.09685814349812254,0.3927156218953095,[-0.31  0.13],-0.038897639196758836,0.7319256296835448,[-0.26  0.18],82.0
T3_delta_spectral_flatness,-0.10113879799374335,0.3720352562450243,[-0.31  0.12],-0.04812875099005176,0.6716041771951247,[-0.27  0.17],82.0
T3_delta_spectral_edge_frequency,,,,,,,82.0
T3_delta_spectral_diff,-0.2602402406822067,0.019734905006961602,[-0.45 -0.04],-0.19551553886680959,0.08220414268145827,[-0.4   0.03],82.0
T3_theta_relative_power,-0.13611529964935187,0.2286267636775333,[-0.35  0.09],-0.09225862999753612,0.4156810285236011,[-0.31  0.13],82.0
T3_theta_spectral_entropy,-0.2676021845656719,0.0164049748320511,[-0.46 -0.05],-0.2228492170504052,0.04693175868548636,[-0.42 -0.  ],82.0
T3_theta_spectral_flatness,-0.26660985544306326,0.016823492820949266,[-0.46 -0.05],-0.21748743771846346,0.0526334394888135,[-0.42  0.  ],82.0
T3_theta_spectral_edge_frequency,,,,,,,82.0
T3_theta_spectral_diff,-0.10367735088808287,0.3600901510770187,[-0.32  0.12],-0.09706192839345434,0.3917158914856973,[-0.31  0.13],82.0
T3_lowalpha_relative_power,0.07451445692743934,0.5112437177898973,[-0.15  0.29],0.03070143407696313,0.7868957204114498,[-0.19  0.25],82.0
T3_lowalpha_spectral_entropy,0.24635165068151685,0.02760695789606061,[0.03 0.44],0.07212931306716357,0.5248940480509097,[-0.15  0.29],82.0
T3_lowalpha_spectral_flatness,0.2486235543236259,0.02616181632904446,[0.03 0.44],0.07386217211031335,0.5149586377327615,[-0.15  0.29],82.0
T3_lowalpha_spectral_edge_frequency,,,,,,,82.0
T3_lowalpha_spectral_diff,-0.07884356558469842,0.486940732286806,[-0.29  0.14],-0.10740503450090717,0.34298323736491076,[-0.32  0.12],82.0
T3_highalpha_relative_power,-0.044946235808510274,0.6921902662680979,[-0.26  0.18],0.02160899115099741,0.8491077540943383,[-0.2   0.24],82.0
T3_highalpha_spectral_entropy,-0.22675144531450095,0.043110819650110536,[-0.43 -0.01],-0.14271123842497077,0.20664890302386377,[-0.35  0.08],82.0
T3_highalpha_spectral_flatness,-0.22851555917138494,0.04147008692983761,[-0.43 -0.01],-0.1395519876100321,0.21698022903365524,[-0.35  0.08],82.0
T3_highalpha_spectral_edge_frequency,,,,,,,82.0
T3_highalpha_spectral_diff,0.16162171801458594,0.1520658493842485,[-0.06  0.37],0.11334924102468465,0.3167778858932373,[-0.11  0.32],82.0
T3_beta_relative_power,-0.1189742454551525,0.2931993881538391,[-0.33  0.1 ],-0.10025908305115573,0.3762302949624857,[-0.31  0.12],82.0
T3_beta_spectral_entropy,-0.02741697676295409,0.8092367577840882,[-0.25  0.19],0.01735405520739194,0.8785655066433231,[-0.2   0.24],82.0
T3_beta_spectral_flatness,-0.031159427463727095,0.783793602149809,[-0.25  0.19],0.013006389147027371,0.9088362184693441,[-0.21  0.23],82.0
T3_beta_spectral_edge_frequency,,,,,,,82.0
T3_beta_spectral_diff,0.10116697739539704,0.37190135078632236,[-0.12  0.31],0.09613495980067294,0.39627564695309736,[-0.13  0.31],82.0
T3_lowgamma_relative_power,0.08067063562398911,0.4768706536778897,[-0.14  0.3 ],0.04578557498367382,0.68673855986476,[-0.18  0.26],82.0
T3_lowgamma_spectral_entropy,-0.1811544452493788,0.10780682212953566,[-0.39  0.04],-0.1229367292316101,0.27730162571236944,[-0.33  0.1 ],82.0
T3_lowgamma_spectral_flatness,-0.18202741530632133,0.10609197835804908,[-0.39  0.04],-0.11967617248208455,0.29034036456225276,[-0.33  0.1 ],82.0
T3_lowgamma_spectral_edge_frequency,,,,,,,82.0
T3_lowgamma_spectral_diff,0.09922368949733865,0.3812042170279476,[-0.12  0.31],0.09349863630205119,0.40941435347855004,[-0.13  0.31],82.0
T4_delta_relative_power,0.11095462254286069,0.32717557288352517,[-0.11  0.32],0.13000598031891394,0.2503936803574614,[-0.09  0.34],82.0
T4_delta_spectral_entropy,-0.024849291886280416,0.8268100847437445,[-0.24  0.2 ],-0.09311461252815885,0.4113491955271029,[-0.31  0.13],82.0
T4_delta_spectral_flatness,-0.02501821255002522,0.8256512671472518,[-0.24  0.2 ],-0.0964663789639512,0.3946418002113893,[-0.31  0.13],82.0
T4_delta_spectral_edge_frequency,,,,,,,82.0
T4_delta_spectral_diff,-0.1589752192151698,0.1589789644062265,[-0.37  0.06],-0.13184671599216852,0.24369109034387743,[-0.34  0.09],82.0
T4_theta_relative_power,0.11032688706726916,0.3299368093089504,[-0.11  0.32],0.07566928045825995,0.5047005414607111,[-0.15  0.29],82.0
T4_theta_spectral_entropy,-0.23602374200181264,0.0350558710115766,[-0.43 -0.02],-0.21126187902123827,0.059953384807139305,[-0.41  0.01],82.0
T4_theta_spectral_flatness,-0.2354378346771719,0.03552457089398686,[-0.43 -0.02],-0.2093110818759461,0.06241044335544372,[-0.41  0.01],82.0
T4_theta_spectral_edge_frequency,,,,,,,82.0
T4_theta_spectral_diff,-0.0331855914875438,0.7701108328976949,[-0.25  0.19],-0.055496324685127045,0.6248848104250929,[-0.27  0.17],82.0
T4_lowalpha_relative_power,0.19899841954968311,0.076789155030516,[-0.02  0.4 ],0.14852194325489923,0.18857080716595317,[-0.07  0.36],82.0
T4_lowalpha_spectral_entropy,0.21815766270088788,0.05189108509248466,[-0.    0.42],0.17372238749904895,0.12329022555490758,[-0.05  0.38],82.0
T4_lowalpha_spectral_flatness,0.21630612180829967,0.05396307128597257,[-0.    0.42],0.16852064315353754,0.1351021067816292,[-0.05  0.37],82.0
T4_lowalpha_spectral_edge_frequency,,,,,,,82.0
T4_lowalpha_spectral_diff,0.012597543150433987,0.9116901925115599,[-0.21  0.23],-0.027405242491957516,0.8093168604370212,[-0.25  0.19],82.0
T4_highalpha_relative_power,0.04845686984617829,0.6694950980403774,[-0.17  0.27],0.03573606496511551,0.7529871141339971,[-0.19  0.25],82.0
T4_highalpha_spectral_entropy,-0.14270215768287167,0.2066780878096956,[-0.35  0.08],-0.06373988177250708,0.5743164388274375,[-0.28  0.16],82.0
T4_highalpha_spectral_flatness,-0.14129564248281806,0.2112340012183356,[-0.35  0.08],-0.06321010949520482,0.5775083991386596,[-0.28  0.16],82.0
T4_highalpha_spectral_edge_frequency,,,,,,,82.0
T4_highalpha_spectral_diff,0.14388035251167347,0.20291593249598985,[-0.08  0.35],0.14273457410346907,0.20657391745921003,[-0.08  0.35],82.0
T4_beta_relative_power,-0.01961044072777425,0.8629209390845358,[-0.24  0.2 ],0.06492580064269969,0.5672009401650933,[-0.16  0.28],82.0
T4_beta_spectral_entropy,0.12500532846223686,0.2692354256736354,[-0.1   0.34],0.15744681561441784,0.1630762077412965,[-0.06  0.36],82.0
T4_beta_spectral_flatness,0.12468710243383524,0.2704659130661107,[-0.1   0.34],0.15790071945065298,0.16185134550098124,[-0.06  0.36],82.0
T4_beta_spectral_edge_frequency,,,,,,,82.0
T4_beta_spectral_diff,0.20826918524617768,0.06375581602296494,[-0.01  0.41],0.19547745993714352,0.08226498104892205,[-0.03  0.4 ],82.0
T4_lowgamma_relative_power,-0.08289971671233237,0.4647378763567084,[-0.3   0.14],-0.0678200838632739,0.5500113530432246,[-0.28  0.15],82.0
T4_lowgamma_spectral_entropy,-0.4310183363940783,6.573037807221735e-05,[-0.59 -0.23],-0.39360060026333776,0.00030382064403851685,[-0.56 -0.19],82.0
T4_lowgamma_spectral_flatness,-0.4290596537907226,7.153797684445473e-05,[-0.59 -0.23],-0.3971459471194271,0.00026480231189124104,[-0.57 -0.19],82.0
T4_lowgamma_spectral_edge_frequency,,,,,,,82.0
T4_lowgamma_spectral_diff,-0.024662369183971248,0.8280928297627648,[-0.24  0.2 ],-0.006511521102647932,0.9542864776239779,[-0.23  0.21],82.0
T5_delta_relative_power,0.17296726275984803,0.12495408683510054,[-0.05  0.38],0.17480243514570257,0.12093997235541967,[-0.05  0.38],82.0
T5_delta_spectral_entropy,-0.06328526977227739,0.5770550485534216,[-0.28  0.16],-0.11816062881596817,0.29653644264136675,[-0.33  0.1 ],82.0
T5_delta_spectral_flatness,-0.0657797578370667,0.5621029968168587,[-0.28  0.16],-0.1209022771819549,0.28539058517549903,[-0.33  0.1 ],82.0
T5_delta_spectral_edge_frequency,,,,,,,82.0
T5_delta_spectral_diff,-0.207597096652934,0.06463606101514331,[-0.41  0.01],-0.20742908475809546,0.06485763841135986,[-0.41  0.01],82.0
T5_theta_relative_power,0.12963794246849406,0.2517487977989095,[-0.09  0.34],0.14832947107801006,0.1891506769116578,[-0.07  0.36],82.0
T5_theta_spectral_entropy,-0.3418937371666427,0.0019094186379792558,[-0.52 -0.13],-0.1354093290627848,0.2310722609160719,[-0.34  0.09],82.0
T5_theta_spectral_flatness,-0.3397716724429891,0.0020460292849513637,[-0.52 -0.13],-0.13666488252045045,0.22673554879770583,[-0.35  0.09],82.0
T5_theta_spectral_edge_frequency,,,,,,,82.0
T5_theta_spectral_diff,0.011863938781318318,0.9168139397209193,[-0.21  0.23],-0.048560726071873596,0.6688280632613064,[-0.27  0.17],82.0
T5_lowalpha_relative_power,0.19604857350846702,0.08135626790004905,[-0.02  0.4 ],0.16278654306513501,0.1490952644877879,[-0.06  0.37],82.0
T5_lowalpha_spectral_entropy,0.15564485445769785,0.16800646475521389,[-0.07  0.36],0.09062891968365361,0.4240010638366337,[-0.13  0.3 ],82.0
T5_lowalpha_spectral_flatness,0.15625934458753374,0.16631300761324122,[-0.07  0.36],0.0901532151397023,0.42644752694489074,[-0.13  0.3 ],82.0
T5_lowalpha_spectral_edge_frequency,,,,,,,82.0
T5_lowalpha_spectral_diff,-0.07459238806449009,0.5108008008155218,[-0.29  0.15],-0.03347450807859496,0.7681653637337196,[-0.25  0.19],82.0
T5_highalpha_relative_power,0.1425862980058509,0.20705070920726285,[-0.08  0.35],0.1448708027087515,0.19979132488340365,[-0.08  0.35],82.0
T5_highalpha_spectral_entropy,0.06977088177974522,0.5385690805725729,[-0.15  0.29],0.12215338879882,0.2803978551178176,[-0.1   0.33],82.0
T5_highalpha_spectral_flatness,0.07063145558433495,0.5335589303660171,[-0.15  0.29],0.12683599848430752,0.26222999499150734,[-0.1   0.34],82.0
T5_highalpha_spectral_edge_frequency,,,,,,,82.0
T5_highalpha_spectral_diff,0.2194926962162696,0.05043796517033363,[-0.    0.42],0.23865195539521858,0.033016627244828414,[0.02 0.44],82.0
T5_beta_relative_power,0.011130866175789168,0.9219373600213817,[-0.21  0.23],0.05410530858864269,0.6336002586341241,[-0.17  0.27],82.0
T5_beta_spectral_entropy,0.19545650687735525,0.08229847283252399,[-0.03  0.4 ],0.2169839017708575,0.053196873931400955,[-0.    0.42],82.0
T5_beta_spectral_flatness,0.19707736989952607,0.07973949451808712,[-0.02  0.4 ],0.21611283420802965,0.054183221152575796,[-0.    0.42],82.0
T5_beta_spectral_edge_frequency,,,,,,,82.0
T5_beta_spectral_diff,0.35400099207653996,0.0012754638422014398,[0.15 0.53],0.3598281096999192,0.0010443752372542015,[0.15 0.54],82.0
T5_lowgamma_relative_power,-0.1713700078172503,0.12853001852135626,[-0.38  0.05],-0.18604550931012737,0.0984709486224227,[-0.39  0.04],82.0
T5_lowgamma_spectral_entropy,-0.25460460233937915,0.022660489239519833,[-0.45 -0.04],-0.16427123799208682,0.14537216776256182,[-0.37  0.06],82.0
T5_lowgamma_spectral_flatness,-0.2553362395428892,0.022260948863203348,[-0.45 -0.04],-0.16838144592514948,0.13542957043644188,[-0.37  0.05],82.0
T5_lowgamma_spectral_edge_frequency,,,,,,,82.0
T5_lowgamma_spectral_diff,-0.08803401361201606,0.4374438012167662,[-0.3   0.13],-0.05161965171646542,0.6492983948588864,[-0.27  0.17],82.0
T6_delta_relative_power,0.1230318180440691,0.27692733852135165,[-0.1   0.33],0.19192951065313132,0.08809237019808698,[-0.03  0.39],82.0
T6_delta_spectral_entropy,-0.14351107854353953,0.20408977939342277,[-0.35  0.08],-0.15211319967116346,0.17798603294921303,[-0.36  0.07],82.0
T6_delta_spectral_flatness,-0.14197486214842525,0.20902509494218294,[-0.35  0.08],-0.14826019264754423,0.1893597103673325,[-0.36  0.07],82.0
T6_delta_spectral_edge_frequency,,,,,,,82.0
T6_delta_spectral_diff,-0.1410168758710965,0.2121453582799379,[-0.35  0.08],-0.07073206854162166,0.5329746864243067,[-0.29  0.15],82.0
T6_theta_relative_power,-0.02724377410471029,0.8104193044581827,[-0.25  0.19],-0.0341563524821635,0.7635797422303205,[-0.25  0.19],82.0
T6_theta_spectral_entropy,-0.31686947344532307,0.004186572292868075,[-0.5 -0.1],-0.16695946193313013,0.13880933389023978,[-0.37  0.05],82.0
T6_theta_spectral_flatness,-0.32173251471853725,0.0036122792056227956,[-0.51 -0.11],-0.16568116880201222,0.14190159873100927,[-0.37  0.06],82.0
T6_theta_spectral_edge_frequency,,,,,,,82.0
T6_theta_spectral_diff,-0.037847282844473425,0.7389017310667689,[-0.26  0.18],-0.03585290043657657,0.7522054648352576,[-0.25  0.19],82.0
T6_lowalpha_relative_power,0.1845185591564049,0.10131493501689973,[-0.04  0.39],0.14234675931729332,0.20782261560074525,[-0.08  0.35],82.0
T6_lowalpha_spectral_entropy,0.14584861407915123,0.1967405414102851,[-0.08  0.35],0.10202501361786025,0.36783809775596943,[-0.12  0.31],82.0
T6_lowalpha_spectral_flatness,0.14364779457037927,0.2036546233833261,[-0.08  0.35],0.10422717674767829,0.35753441923429574,[-0.12  0.32],82.0
T6_lowalpha_spectral_edge_frequency,,,,,,,82.0
T6_lowalpha_spectral_diff,-0.2193881770104633,0.050550509583353546,[-0.42  0.  ],-0.2371449170951391,0.03417340534201848,[-0.43 -0.02],82.0
T6_highalpha_relative_power,0.06304988017719089,0.5784754163979808,[-0.16  0.28],0.06119850798714431,0.589702576042814,[-0.16  0.28],82.0
T6_highalpha_spectral_entropy,0.11636311213637808,0.3039969665310503,[-0.11  0.33],0.2290753810113471,0.04096038618548277,[0.01 0.43],82.0
T6_highalpha_spectral_flatness,0.11319067094203003,0.31745976808398585,[-0.11  0.32],0.2307632946878236,0.03945500382027981,[0.01 0.43],82.0
T6_highalpha_spectral_edge_frequency,,,,,,,82.0
T6_highalpha_spectral_diff,0.10819985709416305,0.33940266260957275,[-0.11  0.32],0.0916718503761478,0.41866571839274824,[-0.13  0.31],82.0
T6_beta_relative_power,-0.011278241231797945,0.9209070986633976,[-0.23  0.21],0.04234064583951299,0.7092129897917658,[-0.18  0.26],82.0
T6_beta_spectral_entropy,0.18365959958945588,0.10294273280717572,[-0.04  0.39],0.21092151788080804,0.06037631708985024,[-0.01  0.41],82.0
T6_beta_spectral_flatness,0.18168669908331914,0.10675873272747359,[-0.04  0.39],0.21330175890184025,0.057468853407590385,[-0.01  0.41],82.0
T6_beta_spectral_edge_frequency,,,,,,,82.0
T6_beta_spectral_diff,0.20974516230370407,0.06185676535319221,[-0.01  0.41],0.22458579210501803,0.04519820082691682,[0.01 0.42],82.0
T6_lowgamma_relative_power,-0.11934911381947327,0.29167021229735635,[-0.33  0.1 ],-0.09583870128722903,0.39773954139747136,[-0.31  0.13],82.0
T6_lowgamma_spectral_entropy,-0.38180192720881423,0.0004748231191597126,[-0.55 -0.18],-0.3620017585413744,0.0009684009210753412,[-0.54 -0.15],82.0
T6_lowgamma_spectral_flatness,-0.38147441538680166,0.0004806311681303331,[-0.55 -0.18],-0.36157651778773586,0.0009828568959274644,[-0.54 -0.15],82.0
T6_lowgamma_spectral_edge_frequency,,,,,,,82.0
T6_lowgamma_spectral_diff,0.034960549679591765,0.7581817052161722,[-0.19  0.25],0.03093498128637185,0.7853134216278912,[-0.19  0.25],82.0
